event_id,titel,beschreibung,datum_start,datum_ende,zeitzone,ort_name,ort_adresse,ort_lat,ort_lon,kategorie,teilnehmer,veranstalter,kontakt_email,url,status,wiederholung
1,Öffentliche Haushaltssitzung,Öffentliche Beratung zum Haushaltsentwurf und zu den Investitionsschwerpunkten des kommenden Jahres.,2026-07-31T09:00:00,2026-07-31T12:00:00,Europe/Berlin,Rathausforum,Beispielplatz 1 73728 Esslingen,48.7428,9.3072,Politik,Bürgerinnen;Stadtrat;Verwaltung,Forum Musterstadt,haushalt@example.org,https://events.example.org/haushalt,geplant,
2,Sommerkonzert am Fluss,Ein kleines Open-Air-Konzert mit lokalen Ensembles und freiem Eintritt.,2026-07-31T18:00:00,2026-07-31T22:00:00,Europe/Berlin,Neckarbühne,Flussufer 7 73730 Esslingen,48.7354,9.3041,Kultur,Musikgruppen;Familien;Gäste,Kulturwerk Beispielstadt,konzert@example.org,https://events.example.org/sommerkonzert,geplant,
3,Offene Sportnacht,Turniere und freie Bewegungsangebote für Jugendliche und Erwachsene in der Sporthalle.,2026-08-01T16:00:00,2026-08-01T21:00:00,Europe/Berlin,Sporthalle West,Beispielstraße 12 73734 Esslingen,48.7284,9.3241,Sport,Teams;Trainerinnen;Zuschauer,Bewegungshaus Beispielstadt,sport@example.org,https://events.example.org/sportnacht,geplant,
4,Stadtführung für Einsteiger,Ein Rundgang durch die Altstadt mit kurzen Erklärungen zu Geschichte und Gegenwart.,2026-08-02T11:00:00,2026-08-02T13:00:00,Europe/Berlin,Treffpunkt Marktplatz,Marktplatz 2 73728 Esslingen,48.7395,9.3068,Kultur,Gästeführer;Besucherinnen,Stadtgeschichte Beispielstadt,fuehrung@example.org,https://events.example.org/stadtfuehrung,geplant,
5,Workshop Digitale Medien,Praktischer Kurs zu Datenschutz und sicherem Umgang mit digitalen Angeboten.,2026-08-03T17:00:00,2026-08-03T20:00:00,Europe/Berlin,Werkstatt Digital,Beispielallee 9 73730 Esslingen,48.7351,9.2934,Bildung,Einsteigerinnen;Kursleitung;Eltern,Lernwerk Musterstadt,medien@example.org,https://events.example.org/medien,geplant,
6,Nachbarschaftscafé,Offener Nachmittag mit Kaffee und Gelegenheit zum Kennenlernen im Quartier.,2026-08-04T15:00:00,2026-08-04T18:00:00,Europe/Berlin,Quartierstreff Süd,Beispielweg 4 73733 Esslingen,48.7302,9.2889,Soziales,Nachbarschaft;Ehrenamtliche;Gäste,Miteinander Beispielstadt,cafe@example.org,https://events.example.org/cafe,geplant,
7,Reparaturtreff,Alltägliche Geräte gemeinsam prüfen und kleine Reparaturen unter Anleitung ausprobieren.,2026-08-05T18:00:00,2026-08-05T21:00:00,Europe/Berlin,Offene Werkstatt,Industrieweg 11 73734 Esslingen,48.7269,9.3296,Sonstiges,Reparaturteam;Besucherinnen,Reparaturwerk Musterstadt,reparatur@example.org,https://events.example.org/reparatur,geplant,
8,Lesung im Innenhof,Eine öffentliche Lesung mit anschließendem Gespräch mit der Autorin.,2026-08-06T19:00:00,2026-08-06T21:00:00,Europe/Berlin,Literaturhof,Beispielgasse 5 73728 Esslingen,48.7462,9.3011,Kultur,Autorin;Lesekreis;Publikum,Leseforum Beispielstadt,lesung@example.org,https://events.example.org/lesung,geplant,
9,Schach im Park,Offener Schachnachmittag mit Brettern vor Ort und Angeboten für alle Spielstärken.,2026-08-08T14:00:00,2026-08-08T18:00:00,Europe/Berlin,Stadtpark Pavillon,Parkweg 3 73728 Esslingen,48.7408,9.3182,Soziales,Spielende;Familien;Ehrenamtliche,Spielraum Musterstadt,schach@example.org,https://events.example.org/schach,geplant,FREQ=WEEKLY;BYDAY=SA;COUNT=8
10,Sommermarkt der Vereine,Informationsstände und Mitmachangebote örtlicher Vereine auf dem zentralen Platz.,2026-08-10T10:00:00,2026-08-10T16:00:00,Europe/Berlin,Marktplatz,Marktplatz 1 73728 Esslingen,48.7396,9.3097,Soziales,Vereine;Familien;Besucherinnen,Vereinsring Beispielstadt,markt@example.org,https://events.example.org/vereinsmarkt,geplant,
11,Jugendbeirat im Gespräch,Offene Gesprächsrunde des Jugendbeirats zu Freizeitangeboten und Beteiligung.,2026-08-12T17:30:00,2026-08-12T19:30:00,Europe/Berlin,Bürgerhaus Nord,Beispielweg 18 73730 Esslingen,48.7468,9.3188,Politik,Jugendliche;Jugendbeirat;Gäste,Jugendforum Musterstadt,jugend@example.org,https://events.example.org/jugendbeirat,geplant,
12,Grundkurs Fotografie,Ein Einführungskurs zu Bildgestaltung und praktischen Übungen im Stadtraum.,2026-08-15T10:00:00,2026-08-15T15:00:00,Europe/Berlin,Bildungszentrum,Schulstraße 6 73730 Esslingen,48.7351,9.2934,Bildung,Teilnehmende;Kursleitung,Fotoakademie Beispielstadt,foto@example.org,https://events.example.org/fotografie,geplant,
13,Sommerlauf für alle,Ein gemeinsamer Lauf mit kurzen Strecken und barrierearmen Startgruppen.,2026-08-20T17:00:00,2026-08-20T20:00:00,Europe/Berlin,Neckarwiese,Flussufer 2 73728 Esslingen,48.7354,9.3041,Sport,Läuferinnen;Helfende;Familien,Laufteam Musterstadt,lauf@example.org,https://events.example.org/sommerlauf,geplant,
14,Stadtratssprechstunde,Gelegenheit für Einwohnerinnen und Einwohner Fragen an Mitglieder des Stadtrats zu richten.,2026-08-22T10:00:00,2026-08-22T12:00:00,Europe/Berlin,Rathausforum,Beispielplatz 1 73728 Esslingen,48.7428,9.3072,Politik,Einwohnerinnen;Stadtrat,Dialog Musterstadt,sprechstunde@example.org,https://events.example.org/sprechstunde,geplant,
15,Familienwerkstatt Natur,Mitmachstationen zu Pflanzen und Tieren für Kinder und ihre Begleitpersonen.,2026-08-29T11:00:00,2026-08-29T15:00:00,Europe/Berlin,Naturwerkstatt Ost,Beispielallee 21 73734 Esslingen,48.7284,9.3241,Bildung,Kinder;Familien;Pädagoginnen,Natur lernen Beispielstadt,natur@example.org,https://events.example.org/naturwerkstatt,geplant,
16,Filmabend unter freiem Himmel,Ein gemeinsamer Filmabend mit anschließender moderierter Gesprächsrunde.,2026-09-05T20:00:00,2026-09-05T23:00:00,Europe/Berlin,Innenhof Kulturhaus,Kulturweg 8 73730 Esslingen,48.7302,9.2889,Kultur,Filminteressierte;Moderation,Kinohof Musterstadt,film@example.org,https://events.example.org/filmabend,geplant,
17,Erste-Hilfe-Kurs,Grundlagen der Ersten Hilfe mit praktischen Übungen und Teilnahmebescheinigung.,2026-09-12T09:00:00,2026-09-12T14:00:00,Europe/Berlin,Seminarhaus Mitte,Beispielstraße 20 73728 Esslingen,48.7395,9.3068,Bildung,Teilnehmende;Ausbilderinnen,Hilfewerk Beispielstadt,hilfe@example.org,https://events.example.org/erste-hilfe,geplant,
18,Stadtteilfest am Bach,Ein Nachbarschaftsfest mit Musik und Kinderprogramm. Der Termin muss wegen Bauarbeiten entfallen.,2026-09-19T14:00:00,2026-09-19T20:00:00,Europe/Berlin,Bachplatz,Beispielweg 2 73733 Esslingen,48.7302,9.2889,Sonstiges,Nachbarschaft;Kinder;Helfende,Stadtteilverein Musterstadt,stadtteil@example.org,https://events.example.org/stadtteilfest,abgesagt,
19,Herbstbörse für Fahrräder,Privater Verkauf und Tausch gebrauchter Fahrräder mit kostenloser Beratung.,2026-09-26T10:00:00,2026-09-26T15:00:00,Europe/Berlin,Mehrzweckhalle Süd,Beispielring 10 73734 Esslingen,48.7284,9.3241,Sport,Fahrradbesitzerinnen;Beratung;Familien,Mobilität Musterstadt,fahrrad@example.org,https://events.example.org/fahrradboerse,geplant,
20,Erntefest im Quartier,Ein saisonales Fest mit regionalen Produkten und offenen Angeboten für die Nachbarschaft.,2026-10-03T11:00:00,2026-10-03T18:00:00,Europe/Berlin,Quartiersplatz West,Beispielweg 30 73730 Esslingen,48.7351,9.2934,Soziales,Nachbarschaft;Vereine;Gäste,Quartierwerk Beispielstadt,ernte@example.org,https://events.example.org/erntefest,geplant,
